unit,cycle,risk,predicted_rul,actual_rul
1,31,5.227742127244394e-06,123.88281365566296,112
2,49,0.0005517729685974767,122.49689205923565,98
3,126,0.1142381883590508,44.654233554357525,69
4,106,0.00905418652777302,95.25850082156508,82
5,98,0.0005109642328660094,98.70726708482324,91
6,105,0.00018202855449874115,90.8745837792977,93
7,160,4.049876645485555e-06,101.34733795693475,91
8,166,0.002322715246633535,50.24134595551435,95
9,55,0.004721380011629722,121.24825243037033,111
10,192,0.00013419268351186328,100.28216457983807,96
11,83,0.00897960973450051,89.71292570899011,97
12,217,8.315709536989793e-06,111.52518166902377,124
13,195,0.0001361327397920257,103.68694596138795,95
14,46,0.005692793331867707,125.0,107
15,76,7.32950914190014e-06,116.42456453400622,83
16,113,8.906946500865981e-06,83.69419594781384,84
17,165,0.005521985020303968,42.19904307559409,50
18,133,0.04256016600462844,75.12432374579569,28
19,135,6.198394290946399e-05,97.13321706593155,87
20,184,0.9673409927704679,17.278539714480413,16
21,148,0.00014710230732685152,64.33499727498318,57
22,39,5.7904878521954064e-05,120.21272583984023,111
23,130,9.651477636578463e-07,120.79268649276183,113
24,186,0.9921200116722827,17.90149301555703,20
25,48,9.172338879816261e-05,120.49290251927158,145
26,76,5.990703219350444e-06,110.1676611235447,119
27,140,3.50514573149722e-05,92.25031744448879,66
28,158,0.002197509063369076,81.00252634168079,97
29,171,3.380437896229245e-05,100.60198382347046,90
30,143,0.004351646311877259,88.62190910763113,115
31,196,0.9904180291477577,17.02298077217079,8
32,145,0.0004038093238388019,49.27115935345948,48
33,50,0.006857185503443824,119.38002222377202,106
34,203,0.9994780462373912,7.947224817477196,7
35,198,0.9994551109354594,10.979945784480547,11
36,126,0.9419454679960191,18.11469591584391,19
37,121,0.04235721136000899,61.726992754683145,21
38,125,0.09136019579569025,51.86279848633871,50
39,37,1.0037165314839181e-06,122.32116164402906,142
40,133,0.9380351725798407,26.076214462363712,28
41,123,0.013829340942222873,73.47038058671069,18
42,156,0.9187599173499464,20.323210103452826,10
43,172,0.0141282652887356,86.39697117577639,59
44,54,0.0005232113945339966,122.49552556911293,109
45,152,0.002716881558034873,47.412948887591924,114
46,146,0.12421187329901977,47.13015886208984,47
47,73,0.001717083085254333,111.67448870756984,135
48,78,0.0016914623482582884,104.52369767522987,92
49,303,0.6755472088746983,24.376235965104584,21
50,74,0.0001108521655514782,96.08418353415306,79
51,144,0.00019100010301314373,90.0889776869239,114
52,189,0.07527067904999638,32.96522138257798,29
53,164,0.5246192810549933,31.87870256092464,26
54,121,7.445146908318362e-08,116.8275161969357,97
55,113,3.139053675719975e-05,111.73302764325084,137
56,136,0.954859309214762,8.564443838472997,15
57,160,0.0002718034064861149,91.59872174259532,103
58,176,0.23419525648736694,37.889796056646375,37
59,94,4.329159120469825e-06,117.30829609926371,114
60,147,0.00028074535622534344,88.4497115907176,100
61,159,0.24803455133563568,39.71505997647047,21
62,232,0.00036430088259897206,54.46424059890821,54
63,155,0.03091726313895285,57.86807434195573,72
64,168,0.13941091387687296,44.26391680032232,28
65,71,5.589025683580323e-07,120.05910422894445,128
66,147,0.9970159806153748,17.955946707580324,14
67,71,2.1965150867656855e-05,116.2410170764893,77
68,187,0.9929546008053672,14.139530945399736,8
69,54,8.47438760869436e-05,115.01859985776414,121
70,152,0.0005399030666899709,90.72098339368482,94
71,68,1.4204415510824308e-05,106.92259261620863,118
72,131,0.0022641374634287293,70.05491108540328,50
73,112,5.715152368146223e-06,112.48860635489505,131
74,137,0.0002670710390914251,87.86982385062842,126
75,88,1.6059303716566386e-05,109.06212595262164,113
76,205,0.9990297859581808,12.421688637318958,10
77,162,0.4667953667878759,36.32846201428187,34
78,72,7.493712768599535e-08,123.61863055954827,107
79,101,0.00018459518072807112,79.66957074855543,63
80,133,0.0010045974173127981,67.14025679986797,90
81,213,0.9960115195051775,10.15189023262698,8
82,162,0.9958776962207991,14.767197174668727,9
83,73,5.218201521261065e-05,112.07857728239479,137
84,172,0.008021392467978198,80.44508600364885,58
85,34,0.000620794865549712,125.0,118
86,110,0.0006550528304905796,72.01477709771277,89
87,56,5.818817407790393e-06,119.75338087771021,116
88,68,0.00026989441948037347,121.03813986679728,115
89,177,5.219671494215197e-05,99.67538469654943,136
90,146,0.8641736394264489,32.39557429138903,28
91,234,0.3102872620738146,27.510759354441053,38
92,150,0.9088891935904791,20.971690716501616,20
93,244,0.08479946906298098,49.44508512336032,85
94,133,0.10024427314555323,52.28275165171658,55
95,89,8.267942675386858e-06,104.05373617472708,128
96,97,1.1194922845427891e-05,109.6819290470542,137
97,134,0.0013785412374671484,77.4149011813653,82
98,121,0.01164161653288559,59.04692419291884,59
99,97,8.601771910237125e-07,123.4454721450017,117
100,198,0.997722744410852,11.928352008913826,20
